Text,Label
a study on the impact of social media on education shows a significant influence on the way students learn and interact with educational content.,1
just watched the latest episode of 'space battles' – totally blown away by the special effects!,0
"photosynthesis is a process used by plants to convert light energy into chemical energy, which is stored in sugar. it is the foundation of life on earth.",1
"hey, what's up? just chilling at home, binge-watching my favorite show. you know how it is!",0
the importance of establishing a strong foundation in algebra cannot be overstated. it's a fundamental skill for higher-level mathematics.,1
"the theory of relativity, proposed by albert einstein, revolutionized our understanding of space, time, and gravity.",1
can't believe it's been 10 years since we last met at our high school reunion. how's everyone else's life going?,0
"the theory of relativity was developed by albert einstein and has profound implications for the understanding of space, time, and gravity.",1
had a great time at the beach today! the sun was out and the waves were perfect for a swim. can't wait for next weekend!,0
the works of jane austen offer a rich insight into early 19th-century society and the complexities of human relationships.,1
"the heisenberg uncertainty principle asserts that the position and velocity of an object cannot both be measured exactly, at the same time, even in theory. this principle challenges classical notions of determinism.",1
yesterday's match was unbelievable! the final goal by the striker in the 88th minute was pure magic. never seen anything like it.,0
an in-depth analysis of gödel's incompleteness theorems reveals the limitations inherent in formal axiomatic systems.,1
"did you know that there are approximately 200,000 insect species on earth? that's more than the number of mammal species!",0
"chemical bonds form when atoms share or transfer electrons, which determines the molecular structure of compounds.",1
just ate the best pizza i've ever had at that new place downtown. you should try it!,0
"in a neutral atom, electrons exist in defined energy levels, known as orbitals. this arrangement is critical to the chemical properties of elements.",1
making a pot of coffee in the morning has never tasted so good. the smell of freshly ground beans is so invigorating.,0
photosynthesis not only powers plant life but also indirectly supports the global food chain and the oxygen we breathe.,1
the use of synonyms and antonyms is crucial in expanding one's vocabulary and improving language proficiency.,1
"the rain was relentless today, causing chaos on the roads and delays at work. can't wait for the weekend to relax.",0
the process of photosynthesis is not only essential for plant life but also plays a critical role in carbon sequestration and regulating the earth's atmosphere.,1
"i just finished reading 'the gene: an intimate history' by siddhartha mukherjee, and it's absolutely fascinating how genetics can influence our lives.",0
"historically, the renaissance was a period of great cultural and intellectual growth in europe, marked by advancements in art, science, and literature.",1
"had a blast at the concert last night! the opening act was awesome, but the headliner blew me away.",0
"the great barrier reef, located off the coast of australia, is the largest coral reef system in the world and hosts a diverse range of marine life.",1
"learning to cook is more fun when you share it with someone. last night, i made spaghetti carbonara for my partner. it was a hit!",0
recent studies have indicated a correlation between early exposure to musical training and enhanced cognitive development in children.,1
"quantum entanglement is a physical phenomenon that occurs when a pair or group of particles are generated, interact, or share spatial proximity in ways such that the quantum state of each particle cannot be described independently of the state of the others, even when the particles are separated by a large distance.",1
"i stumbled upon this little coffee shop on my way to the park, and the aroma of freshly brewed coffee was simply irresistible. had to stop and indulge.",0
recent developments in crispr technology have opened new frontiers in genetic engineering and the treatment of hereditary diseases.,1
trying out a new recipe today: ceviche with fresh lime juice and mixed seafood. tastes like a little piece of the ocean on my plate!,0
"quantum mechanics explores the behavior of particles at the smallest scales, challenging classical notions of physics.",1
i'm so excited about the upcoming vacation! have you decided where you want to go this year?,0
"water's unique properties, such as its high specific heat capacity, play a vital role in regulating earth's climate.",1
just completed a 5k run in the park. feeling proud and energized. goals for next month? definitely more miles.,0
understanding the principles of aerodynamics is crucial for advancements in the field of aeronautical engineering.,1
photosynthesis is a complex process by which green plants and some other organisms use sunlight to synthesize foods from carbon dioxide and water. photosynthesis in plants generally involves the green pigment chlorophyll and generates oxygen as a by-product.,1
had an interesting conversation with a local historian about the city's founding. learned about a forgotten legend that still influences modern culture.,0
"studying the cultural significance of traditional japanese tea ceremonies offers insight into the philosophy of 'wabi-sabi', the acceptance of transience and imperfection.",1
"the game 'chess' has been around for centuries, and it's a perfect example of how strategic thinking and patience can lead to victory.",0
"photosynthesis is a vital biological process that enables plants to convert carbon dioxide and water into glucose and oxygen, using sunlight.",1
my dog chewed up my favorite shoes again. just had to laugh at the situation.,0
"photosynthesis is not only crucial for plants but also for the global carbon cycle, as it removes carbon dioxide from the atmosphere.",1
the latest episode of 'the great bake-off' was a rollercoaster of emotions. elise's pie-filled tartlets were a sight for sore eyes.,0
"the turing test is a significant milestone in artificial intelligence, assessing a machine's ability to exhibit intelligent behavior indistinguishable from that of a human.",1
the concept of 'survivorship bias' can lead to overly optimistic beliefs because failures are ignored while successes are highlighted.,1
i'm planning to start a new hobby – astronomy. can't wait to look through my telescope and explore the night sky.,0
"the works of shakespeare, particularly 'hamlet', explore themes of existentialism, madness, and the complexity of the human psyche.",1
"i just got back from the botanical gardens, and the variety of plants and flowers was breathtaking. it's amazing how nature creates such diversity.",0
understanding the economic principles of supply and demand helps to explain market dynamics and consumer behavior.,1
had a debate with a friend about whether pineapple belongs on pizza. i'm firmly against it.,0
"the concept of entropy is central to the second law of thermodynamics, indicating the direction of spontaneous processes.",1
"had a deep conversation with my best friend about life, dreams, and the pursuit of happiness. it was enlightening and uplifting.",0
"the application of nanotechnology in medicine, known as nanomedicine, has opened up new possibilities in targeted drug delivery systems.",1
check out this cool trick i learned on tiktok – making a rubber band guitar. #diymusic,0
"fossils are the preserved remains or traces of animals, plants, and other organisms from the remote past. the study of fossils, known as paleontology, provides insight into the history of life on earth.",1
saw a video of a cat walking on a tightrope. it was hilarious! cats never cease to amaze with their skills.,0
exploring the properties of superconductors has significant implications for advancements in energy transmission and magnetic levitation technologies.,1
"i've been collecting vintage stamps from around the world, and each one tells a unique story of its place and time.",0
"the periodic table of elements organizes chemical elements based on their atomic number and properties, facilitating the study of chemistry.",1
tried out a new recipe for cookies and they turned out great! i'll definitely make them again.,0
gravitational lensing is an effect of einstein's theory of general relativity where light from a distant object is bent by the gravity of an intervening object.,1
discovered a hidden gem of a café in town. the espresso is top-notch and the pastries are heavenly. i'll be going there every week.,0
exploring the world of entomology reveals not only the diversity of insect life but also their crucial role in our ecosystem.,1
"did you know that antarctica is a desert? it's because it's so dry, despite being covered in ice.",1
the double-slit experiment is a foundational experiment in quantum mechanics that demonstrates both the wave-like and particle-like behavior of electrons and photons.,1
my neighbor's dog got lost and ended up on the radio show as a pet. the producer thought it was a good opportunity to feature our neighborhood in an upbeat segment.,0
the linguistic phenomenon of code-switching is a testament to the adaptive nature of human communication in multilingual societies.,1
"the art of 'ikebana', or japanese flower arrangement, is a beautiful expression of simplicity and elegance.",0
the principles of sustainable development focus on meeting the needs of the present without compromising the ability of future generations to meet their own needs.,1
the traffic today was a nightmare. i got stuck in it for hours.,0
quantum mechanics challenges classical physics by introducing principles like wave-particle duality and the uncertainty principle.,1
woke up to the sound of rain on the roof – it's so soothing. makes me feel cozy and relaxed.,0
"advancements in quantum computing promise to revolutionize the field of cryptography, potentially making traditional encryption methods obsolete.",1
my new recipe for chocolate chip cookies came out too crunchy. lessons learned!,0
"philosophical ethics examines questions about morality, including the nature of good and evil, right and wrong, and justice.",1
"caught a snippet of a conversation between two tourists about the architecture in the old town. one mentioned it reminded them of prague, the other of kyoto.",0
the field of cognitive neuroscience has made remarkable strides in understanding the neural underpinnings of memory and consciousness.,1
i'm starting a new meditation practice focused on mindfulness and living in the present moment.,0
the geological formation of mountains involves tectonic plate movements and can have significant impacts on climate and biodiversity.,1
i just finished reading a book on gardening. it's really interesting to learn about different plant species.,0
"the structure of dna was discovered by james watson and francis crick, revealing the molecular basis of heredity.",1
started learning the guitar this week. practice is challenging but rewarding. would love to play a song for you soon.,0
"the concept of plate tectonics provides a comprehensive explanation for earthquake activity, volcanic eruptions, and the formation of mountain ranges.",1
"what if i told you that dolphins are mammals, not fish? amazing right?",1
"throughout history, the advancement of technology has often been intertwined with military development, from the use of gunpowder to the advent of nuclear weaponry.",1
dinner last night was an adventure – the chef prepared a fusion dish that combined italian and japanese flavors. the balance was surprisingly well-executed.,0
"innovations in quantum computing promise to revolutionize data encryption, simulation of complex systems, and artificial intelligence.",1
"i attended a lecture on the history of cryptography, and it was mind-blowing to learn about the evolution of secret communication.",0
"cognitive psychology studies the mental processes that influence learning, memory, perception, and decision-making.",1
so glad the new season of my favorite show is finally starting. can't wait to see how the storyline unfolds.,0
biodiversity hotspots are regions with a high level of endemic species that are under significant threat from human activities.,1
found this cool app that turns random objects into digital art. a mug turned into a kitten – just adorable!,0
"an in-depth study of shakespeare's 'hamlet' reveals themes of betrayal, madness, and the complexity of human nature that resonate to this day.",1
