idx,text,label
0,A study on the impact of social media on education shows a significant influence on the way students learn and interact with educational content.,Educational
1,Just watched the latest episode of 'Space Battles' – totally blown away by the special effects!,Random Chatter
2,"Photosynthesis is a process used by plants to convert light energy into chemical energy, which is stored in sugar. It is the foundation of life on Earth.",Educational
3,"Hey, what's up? Just chilling at home, binge-watching my favorite show. You know how it is!",Random Chatter
4,The importance of establishing a strong foundation in algebra cannot be overstated. It's a fundamental skill for higher-level mathematics.,Educational
5,"The theory of relativity, proposed by Albert Einstein, revolutionized our understanding of space, time, and gravity.",Educational
6,Can't believe it's been 10 years since we last met at our high school reunion. How's everyone else's life going?,Random Chatter
7,"The theory of relativity was developed by Albert Einstein and has profound implications for the understanding of space, time, and gravity.",Educational
8,Had a great time at the beach today! The sun was out and the waves were perfect for a swim. Can't wait for next weekend!,Random Chatter
9,The works of Jane Austen offer a rich insight into early 19th-century society and the complexities of human relationships.,Educational
10,A study on the impact of social media on education shows a significant influence on the way students learn and interact with educational content.,Educational
11,"The Heisenberg Uncertainty Principle asserts that the position and velocity of an object cannot both be measured exactly, at the same time, even in theory. This principle challenges classical notions of determinism.",Educational
12,Yesterday's match was unbelievable! The final goal by the striker in the 88th minute was pure magic. Never seen anything like it.,Random Chatter
13,An in-depth analysis of Gödel's incompleteness theorems reveals the limitations inherent in formal axiomatic systems.,Educational
14,"Did you know that there are approximately 200,000 insect species on Earth? That's more than the number of mammal species!",Random Chatter
15,"Chemical bonds form when atoms share or transfer electrons, which determines the molecular structure of compounds.",Educational
16,Just ate the best pizza I've ever had at that new place downtown. You should try it!,Random Chatter
17,"In a neutral atom, electrons exist in defined energy levels, known as orbitals. This arrangement is critical to the chemical properties of elements.",Educational
18,Making a pot of coffee in the morning has never tasted so good. The smell of freshly ground beans is so invigorating.,Random Chatter
19,Photosynthesis not only powers plant life but also indirectly supports the global food chain and the oxygen we breathe.,Educational
20,Just watched the latest episode of 'Space Battles' – totally blown away by the special effects!,Random Chatter
21,The use of synonyms and antonyms is crucial in expanding one's vocabulary and improving language proficiency.,Educational
22,"The rain was relentless today, causing chaos on the roads and delays at work. Can't wait for the weekend to relax.",Random Chatter
23,The process of photosynthesis is not only essential for plant life but also plays a critical role in carbon sequestration and regulating the Earth's atmosphere.,Educational
24,"I just finished reading 'The Gene: An Intimate History' by Siddhartha Mukherjee, and it's absolutely fascinating how genetics can influence our lives.",Random Chatter
25,"Historically, the Renaissance was a period of great cultural and intellectual growth in Europe, marked by advancements in art, science, and literature.",Educational
26,"Had a blast at the concert last night! The opening act was awesome, but the headliner blew me away.",Random Chatter
27,"The Great Barrier Reef, located off the coast of Australia, is the largest coral reef system in the world and hosts a diverse range of marine life.",Educational
28,"Learning to cook is more fun when you share it with someone. Last night, I made spaghetti carbonara for my partner. It was a hit!",Random Chatter
29,Recent studies have indicated a correlation between early exposure to musical training and enhanced cognitive development in children.,Educational
30,"Photosynthesis is a process used by plants to convert light energy into chemical energy, which is stored in sugar. It is the foundation of life on Earth.",Educational
31,"Quantum entanglement is a physical phenomenon that occurs when a pair or group of particles are generated, interact, or share spatial proximity in ways such that the quantum state of each particle cannot be described independently of the state of the others, even when the particles are separated by a large distance.",Educational
32,"I stumbled upon this little coffee shop on my way to the park, and the aroma of freshly brewed coffee was simply irresistible. Had to stop and indulge.",Random Chatter
33,Recent developments in CRISPR technology have opened new frontiers in genetic engineering and the treatment of hereditary diseases.,Educational
34,Trying out a new recipe today: Ceviche with fresh lime juice and mixed seafood. Tastes like a little piece of the ocean on my plate!,Random Chatter
35,"Quantum mechanics explores the behavior of particles at the smallest scales, challenging classical notions of physics.",Educational
36,I'm so excited about the upcoming vacation! Have you decided where you want to go this year?,Random Chatter
37,"Water's unique properties, such as its high specific heat capacity, play a vital role in regulating Earth's climate.",Educational
38,Just completed a 5k run in the park. Feeling proud and energized. Goals for next month? Definitely more miles.,Random Chatter
39,Understanding the principles of aerodynamics is crucial for advancements in the field of aeronautical engineering.,Educational
40,"Hey, what's up? Just chilling at home, binge-watching my favorite show. You know how it is!",Random Chatter
41,Photosynthesis is a complex process by which green plants and some other organisms use sunlight to synthesize foods from carbon dioxide and water. Photosynthesis in plants generally involves the green pigment chlorophyll and generates oxygen as a by-product.,Educational
42,Had an interesting conversation with a local historian about the city's founding. Learned about a forgotten legend that still influences modern culture.,Random Chatter
43,"Studying the cultural significance of traditional Japanese tea ceremonies offers insight into the philosophy of 'wabi-sabi', the acceptance of transience and imperfection.",Educational
44,"The game 'Chess' has been around for centuries, and it's a perfect example of how strategic thinking and patience can lead to victory.",Random Chatter
45,"Photosynthesis is a vital biological process that enables plants to convert carbon dioxide and water into glucose and oxygen, using sunlight.",Educational
46,My dog chewed up my favorite shoes again. Just had to laugh at the situation.,Random Chatter
47,"Photosynthesis is not only crucial for plants but also for the global carbon cycle, as it removes carbon dioxide from the atmosphere.",Educational
48,The latest episode of 'The Great Bake-Off' was a rollercoaster of emotions. Elise's pie-filled tartlets were a sight for sore eyes.,Random Chatter
49,"The Turing Test is a significant milestone in artificial intelligence, assessing a machine's ability to exhibit intelligent behavior indistinguishable from that of a human.",Educational
50,The importance of establishing a strong foundation in algebra cannot be overstated. It's a fundamental skill for higher-level mathematics.,Educational
51,The concept of 'survivorship bias' can lead to overly optimistic beliefs because failures are ignored while successes are highlighted.,Educational
52,I'm planning to start a new hobby – astronomy. Can't wait to look through my telescope and explore the night sky.,Random Chatter
53,"The works of Shakespeare, particularly 'Hamlet', explore themes of existentialism, madness, and the complexity of the human psyche.",Educational
54,"I just got back from the botanical gardens, and the variety of plants and flowers was breathtaking. It's amazing how nature creates such diversity.",Random Chatter
55,Understanding the economic principles of supply and demand helps to explain market dynamics and consumer behavior.,Educational
56,Had a debate with a friend about whether pineapple belongs on pizza. I'm firmly against it.,Random Chatter
57,"The concept of entropy is central to the second law of thermodynamics, indicating the direction of spontaneous processes.",Educational
58,"Had a deep conversation with my best friend about life, dreams, and the pursuit of happiness. It was enlightening and uplifting.",Random Chatter
59,"The application of nanotechnology in medicine, known as nanomedicine, has opened up new possibilities in targeted drug delivery systems.",Educational
60,Check out this cool trick I learned on TikTok – making a rubber band guitar. #DIYMusic,Random Chatter
61,"Fossils are the preserved remains or traces of animals, plants, and other organisms from the remote past. The study of fossils, known as paleontology, provides insight into the history of life on Earth.",Educational
62,Saw a video of a cat walking on a tightrope. It was hilarious! Cats never cease to amaze with their skills.,Random Chatter
63,Exploring the properties of superconductors has significant implications for advancements in energy transmission and magnetic levitation technologies.,Educational
64,"I've been collecting vintage stamps from around the world, and each one tells a unique story of its place and time.",Random Chatter
65,"The Periodic Table of Elements organizes chemical elements based on their atomic number and properties, facilitating the study of chemistry.",Educational
66,Tried out a new recipe for cookies and they turned out great! I'll definitely make them again.,Random Chatter
67,Gravitational lensing is an effect of Einstein's theory of general relativity where light from a distant object is bent by the gravity of an intervening object.,Educational
68,Discovered a hidden gem of a café in town. The espresso is top-notch and the pastries are heavenly. I'll be going there every week.,Random Chatter
69,Exploring the world of entomology reveals not only the diversity of insect life but also their crucial role in our ecosystem.,Educational
70,"Did you know that Antarctica is a desert? It's because it's so dry, despite being covered in ice.",Educational
71,The double-slit experiment is a foundational experiment in quantum mechanics that demonstrates both the wave-like and particle-like behavior of electrons and photons.,Educational
72,My neighbor's dog got lost and ended up on the radio show as a pet. The producer thought it was a good opportunity to feature our neighborhood in an upbeat segment.,Random Chatter
73,The linguistic phenomenon of code-switching is a testament to the adaptive nature of human communication in multilingual societies.,Educational
74,"The art of 'Ikebana', or Japanese flower arrangement, is a beautiful expression of simplicity and elegance.",Random Chatter
75,The principles of sustainable development focus on meeting the needs of the present without compromising the ability of future generations to meet their own needs.,Educational
76,The traffic today was a nightmare. I got stuck in it for hours.,Random Chatter
77,Quantum mechanics challenges classical physics by introducing principles like wave-particle duality and the uncertainty principle.,Educational
78,Woke up to the sound of rain on the roof – it's so soothing. Makes me feel cozy and relaxed.,Random Chatter
79,"Advancements in quantum computing promise to revolutionize the field of cryptography, potentially making traditional encryption methods obsolete.",Educational
80,My new recipe for chocolate chip cookies came out too crunchy. Lessons learned!,Random Chatter
81,"Philosophical ethics examines questions about morality, including the nature of good and evil, right and wrong, and justice.",Educational
82,"Caught a snippet of a conversation between two tourists about the architecture in the old town. One mentioned it reminded them of Prague, the other of Kyoto.",Random Chatter
83,The field of cognitive neuroscience has made remarkable strides in understanding the neural underpinnings of memory and consciousness.,Educational
84,I'm starting a new meditation practice focused on mindfulness and living in the present moment.,Random Chatter
85,The geological formation of mountains involves tectonic plate movements and can have significant impacts on climate and biodiversity.,Educational
86,I just finished reading a book on gardening. It's really interesting to learn about different plant species.,Random Chatter
87,"The structure of DNA was discovered by James Watson and Francis Crick, revealing the molecular basis of heredity.",Educational
88,Started learning the guitar this week. Practice is challenging but rewarding. Would love to play a song for you soon.,Random Chatter
89,"The concept of plate tectonics provides a comprehensive explanation for earthquake activity, volcanic eruptions, and the formation of mountain ranges.",Educational
90,"What if I told you that dolphins are mammals, not fish? Amazing right?",Educational
91,"Throughout history, the advancement of technology has often been intertwined with military development, from the use of gunpowder to the advent of nuclear weaponry.",Educational
92,Dinner last night was an adventure – the chef prepared a fusion dish that combined Italian and Japanese flavors. The balance was surprisingly well-executed.,Random Chatter
93,"Innovations in quantum computing promise to revolutionize data encryption, simulation of complex systems, and artificial intelligence.",Educational
94,"I attended a lecture on the history of cryptography, and it was mind-blowing to learn about the evolution of secret communication.",Random Chatter
95,"Cognitive psychology studies the mental processes that influence learning, memory, perception, and decision-making.",Educational
96,So glad the new season of my favorite show is finally starting. Can't wait to see how the storyline unfolds.,Random Chatter
97,Biodiversity hotspots are regions with a high level of endemic species that are under significant threat from human activities.,Educational
98,Found this cool app that turns random objects into digital art. A mug turned into a kitten – just adorable!,Random Chatter
99,"An in-depth study of Shakespeare's 'Hamlet' reveals themes of betrayal, madness, and the complexity of human nature that resonate to this day.",Educational
